" IPL 2018: Bangalore, Chennai Super Kings To Renew Rivalry"
 IPL: The League's Global Connect Encompasses Ball Suppliers From Aus
" Vinod Kambli Throws A Dare At Sanju Samson, Clashes With Fans On Twitter"
 IPL 2018: Kings XI Punjab Edge Out Delhi Daredevils In Thriller
"IPL 2018: Punjab Beat Delhi In Humdinger, Jump To Top Spot"
IPL 2018: Chennai Super Kings Beat SunRisers Hyderabad By Four Runs
IPL 2018: AB de Villiers Stars As Royal Challengers Bangalore Beat Delhi Daredevils
"IPL 2018: Robin Uthappa, Nitish Rana Shine As KKR Register Third Win Of Season"
"IPL 2018: Punjab Stun Delhi, Gambhir's Team In Free Fall"
IPL Cricket Balls Made In Melbourne
Chris Gayle And Shane Watson Get Better With Age
IPL 2018: Another Last Over Loss For Mumbai Indians
